reward_fn,layer,delta_norm,proj_in,frac_in
ancient_civilization,0,0.107399,0.040036,0.372783
ancient_civilization,1,0.613723,0.309985,0.505090
ancient_civilization,2,0.940347,0.567006,0.602975
ancient_civilization,3,1.362155,0.941373,0.691091
ancient_civilization,4,1.984862,1.479953,0.745620
ancient_civilization,5,2.574376,1.823870,0.708470
ancient_civilization,6,3.308404,2.349882,0.710276
ancient_civilization,7,3.810475,2.608768,0.684631
ancient_civilization,8,4.971687,3.742665,0.752796
ancient_civilization,9,5.745135,4.233453,0.736876
ancient_civilization,10,6.448779,4.631000,0.718120
ancient_civilization,11,6.947651,5.126867,0.737928
ancient_civilization,12,7.581419,5.665276,0.747258
ancient_civilization,13,8.039210,6.046981,0.752186
ancient_civilization,14,8.712239,6.649679,0.763257
ancient_civilization,15,9.535777,7.410267,0.777102
ancient_civilization,16,10.412214,8.265094,0.793788
ancient_civilization,17,11.401596,8.961778,0.786011
ancient_civilization,18,12.197473,9.537047,0.781887
ancient_civilization,19,14.547531,11.727675,0.806163
ancient_civilization,20,19.045918,16.179340,0.849491
ancient_civilization,21,20.003430,16.796775,0.839695
ancient_civilization,22,22.237658,18.792424,0.845072
ancient_civilization,23,26.351832,22.649643,0.859509
ancient_civilization,24,31.371779,26.671483,0.850174
ancient_civilization,25,34.837228,28.686060,0.823431
ancient_civilization,26,37.706524,30.299160,0.803552
ancient_civilization,27,40.183459,31.633717,0.787232
ancient_civilization,28,44.563856,34.284702,0.769339
ancient_civilization,29,50.344742,38.597467,0.766663
ancient_civilization,30,55.730672,40.837109,0.732758
ancient_civilization,31,65.380523,47.382431,0.724718
ancient_civilization,32,73.113583,51.827630,0.708865
ancient_civilization,33,81.237886,58.259455,0.717146
ancient_civilization,34,87.931590,63.352667,0.720477
ancient_civilization,35,114.135733,90.748001,0.795088
ancient_civilization,36,21.850878,19.324499,0.884381
architectural_element,0,0.167084,0.066219,0.396323
architectural_element,1,1.009186,0.441711,0.437690
architectural_element,2,1.449565,0.774433,0.534252
architectural_element,3,1.997758,1.313099,0.657286
architectural_element,4,2.891583,2.040733,0.705749
architectural_element,5,3.916505,2.671353,0.682076
architectural_element,6,5.085567,3.571736,0.702328
architectural_element,7,6.125419,4.408927,0.719775
architectural_element,8,7.473954,5.714719,0.764618
architectural_element,9,8.497934,6.382635,0.751081
architectural_element,10,9.319768,7.171337,0.769476
architectural_element,11,9.881365,7.607106,0.769844
architectural_element,12,10.729127,8.103247,0.755257
architectural_element,13,11.461799,8.658367,0.755411
architectural_element,14,12.430123,9.339339,0.751347
architectural_element,15,13.378874,10.177654,0.760726
architectural_element,16,14.373663,11.133454,0.774573
architectural_element,17,15.888823,12.308033,0.774635
architectural_element,18,17.126452,13.160033,0.768404
architectural_element,19,19.692940,15.567921,0.790533
architectural_element,20,25.244425,20.683273,0.819320
architectural_element,21,26.752801,21.471272,0.802580
architectural_element,22,29.395007,23.872105,0.812114
architectural_element,23,35.873843,29.560843,0.824022
architectural_element,24,42.819469,34.886429,0.814733
architectural_element,25,48.840942,38.761336,0.793624
architectural_element,26,53.364232,41.975185,0.786579
architectural_element,27,57.122009,44.118427,0.772354
architectural_element,28,64.913246,50.285314,0.774654
architectural_element,29,73.260265,55.888087,0.762870
architectural_element,30,80.334472,59.688150,0.742995
architectural_element,31,94.059895,69.215302,0.735864
architectural_element,32,105.087949,76.146293,0.724596
architectural_element,33,119.241375,87.586327,0.734530
architectural_element,34,132.410954,98.032983,0.740369
architectural_element,35,198.545287,167.038975,0.841314
architectural_element,36,34.753555,31.111734,0.895210
astronomical_object,0,0.183350,0.119634,0.652488
astronomical_object,1,1.033378,0.602808,0.583337
astronomical_object,2,1.452736,0.784096,0.539737
astronomical_object,3,1.974708,1.151835,0.583294
astronomical_object,4,2.807991,1.673689,0.596045
astronomical_object,5,3.799462,2.221087,0.584579
astronomical_object,6,5.020959,2.986391,0.594785
astronomical_object,7,6.080655,3.486422,0.573363
astronomical_object,8,7.338493,4.136849,0.563719
astronomical_object,9,8.541688,4.737295,0.554609
astronomical_object,10,9.889747,5.593169,0.565552
astronomical_object,11,10.648154,6.139520,0.576581
astronomical_object,12,11.575664,6.548669,0.565727
astronomical_object,13,12.274264,7.104884,0.578844
astronomical_object,14,13.173396,7.734441,0.587126
astronomical_object,15,14.201884,8.540638,0.601374
astronomical_object,16,15.407596,9.741457,0.632250
astronomical_object,17,16.920729,11.084025,0.655056
astronomical_object,18,18.207820,11.699639,0.642561
astronomical_object,19,21.286360,14.311853,0.672349
astronomical_object,20,26.996725,19.679594,0.728962
astronomical_object,21,28.739280,20.435594,0.711068
astronomical_object,22,31.554368,22.256139,0.705327
astronomical_object,23,37.263747,26.545547,0.712369
astronomical_object,24,44.621701,30.570329,0.685100
astronomical_object,25,53.089467,34.681993,0.653274
astronomical_object,26,59.423375,38.574036,0.649139
astronomical_object,27,65.560050,40.819969,0.622635
astronomical_object,28,74.618056,46.151307,0.618501
astronomical_object,29,85.800791,51.792250,0.603634
astronomical_object,30,99.880698,57.986422,0.580557
astronomical_object,31,121.543975,69.801019,0.574286
astronomical_object,32,137.230562,79.316569,0.577980
astronomical_object,33,150.870417,89.521220,0.593365
astronomical_object,34,160.350189,94.217515,0.587573
astronomical_object,35,193.388196,126.742578,0.655379
astronomical_object,36,39.852568,31.783952,0.797538
bird_species,0,0.141677,0.077379,0.546166
bird_species,1,0.827635,0.407774,0.492697
bird_species,2,1.206927,0.553722,0.458787
bird_species,3,1.661361,0.865561,0.520995
bird_species,4,2.399669,1.363499,0.568203
bird_species,5,3.264208,1.846172,0.565581
bird_species,6,4.317532,2.517148,0.583006
bird_species,7,5.183633,3.055011,0.589357
bird_species,8,6.392259,3.934276,0.615475
bird_species,9,7.470807,4.324990,0.578919
bird_species,10,9.046952,4.971218,0.549491
bird_species,11,9.984709,5.574381,0.558292
bird_species,12,11.291650,6.337342,0.561241
bird_species,13,12.336883,7.109448,0.576276
bird_species,14,13.008860,7.663353,0.589087
bird_species,15,13.888503,8.292588,0.597083
bird_species,16,14.812285,9.213416,0.622012
bird_species,17,16.049284,10.170019,0.633674
bird_species,18,17.365723,10.885690,0.626849
bird_species,19,19.692543,12.720269,0.645943
bird_species,20,24.115736,16.313140,0.676452
bird_species,21,25.593363,16.839739,0.657973
bird_species,22,27.958135,18.469223,0.660603
bird_species,23,32.960534,22.064456,0.669420
bird_species,24,40.708592,26.331316,0.646825
bird_species,25,49.241438,30.062318,0.610509
bird_species,26,55.562942,33.851834,0.609252
bird_species,27,61.861195,36.807241,0.594997
bird_species,28,70.757407,41.612723,0.588104
bird_species,29,79.823374,45.925964,0.575345
bird_species,30,93.357901,50.312063,0.538916
bird_species,31,111.889052,58.107595,0.519332
bird_species,32,124.609119,64.271811,0.515787
bird_species,33,133.157415,68.917752,0.517566
bird_species,34,139.809795,71.951830,0.514641
bird_species,35,163.708163,93.005083,0.568115
bird_species,36,28.751473,19.110558,0.664681
body_part,0,0.140294,0.040027,0.285306
body_part,1,0.902737,0.259452,0.287406
body_part,2,1.370822,0.520782,0.379905
body_part,3,1.958048,1.050265,0.536384
body_part,4,2.794446,1.677526,0.600307
body_part,5,3.762479,2.173788,0.577754
body_part,6,4.983352,2.947957,0.591561
body_part,7,6.259689,3.919478,0.626146
body_part,8,7.977260,5.511675,0.690923
body_part,9,9.256878,6.175094,0.667082
body_part,10,10.804844,7.051503,0.652624
body_part,11,11.306870,7.170577,0.634179
body_part,12,12.209941,7.464065,0.611311
body_part,13,12.888164,7.768754,0.602782
body_part,14,13.922533,8.462118,0.607800
body_part,15,14.750976,9.299235,0.630415
body_part,16,15.586281,10.190327,0.653801
body_part,17,17.064871,11.331241,0.664010
body_part,18,18.570599,12.377567,0.666514
body_part,19,21.056107,14.616550,0.694172
body_part,20,25.656958,18.980298,0.739772
body_part,21,27.246494,19.665201,0.721752
body_part,22,30.274311,21.992454,0.726439
body_part,23,35.876706,26.020881,0.725286
body_part,24,43.218004,30.052759,0.695376
body_part,25,51.230718,31.382431,0.612571
body_part,26,57.479025,33.582636,0.584259
body_part,27,63.869055,35.483790,0.555571
body_part,28,72.178725,36.640332,0.507633
body_part,29,82.617885,38.120420,0.461406
body_part,30,92.894282,36.589622,0.393885
body_part,31,110.300301,33.849474,0.306885
body_part,32,125.170504,28.550904,0.228096
body_part,33,136.515439,29.256503,0.214309
body_part,34,148.080167,35.033898,0.236587
body_part,35,165.860066,58.857430,0.354862
body_part,36,24.199996,9.794231,0.404720
chemical_element,0,0.162096,0.044385,0.273822
chemical_element,1,0.854136,0.228805,0.267879
chemical_element,2,1.269309,0.409340,0.322490
chemical_element,3,1.824493,0.761961,0.417629
chemical_element,4,2.725372,1.319477,0.484146
chemical_element,5,3.725809,1.905986,0.511563
chemical_element,6,4.879915,2.740193,0.561525
chemical_element,7,6.092571,3.608535,0.592285
chemical_element,8,8.017333,5.334652,0.665390
chemical_element,9,9.315900,6.062422,0.650761
chemical_element,10,10.709662,6.916844,0.645851
chemical_element,11,11.434643,7.425530,0.649389
chemical_element,12,12.456181,7.779589,0.624556
chemical_element,13,13.086315,8.127608,0.621077
chemical_element,14,14.276380,8.864410,0.620914
chemical_element,15,15.264803,9.204982,0.603020
chemical_element,16,16.148303,9.685792,0.599802
chemical_element,17,18.194553,11.158246,0.613274
chemical_element,18,20.569298,12.888937,0.626610
chemical_element,19,23.417273,14.477408,0.618236
chemical_element,20,28.635684,17.920297,0.625803
chemical_element,21,31.563891,19.425402,0.615431
chemical_element,22,35.333932,22.235164,0.629286
chemical_element,23,43.229606,27.946935,0.646477
chemical_element,24,53.783207,35.445214,0.659039
chemical_element,25,60.958065,40.192462,0.659346
chemical_element,26,68.039281,45.817143,0.673393
chemical_element,27,73.831772,49.857064,0.675279
chemical_element,28,82.311920,56.843040,0.690581
chemical_element,29,91.016919,61.981398,0.680988
chemical_element,30,99.223809,65.487631,0.659999
chemical_element,31,114.990043,75.086537,0.652983
chemical_element,32,124.745736,80.506459,0.645364
chemical_element,33,136.390219,87.325183,0.640260
chemical_element,34,155.206781,99.398459,0.640426
chemical_element,35,225.914957,174.706200,0.773327
chemical_element,36,41.721066,29.935519,0.717516
chess_term,0,0.164315,0.085039,0.517534
chess_term,1,0.865732,0.321175,0.370986
chess_term,2,1.358017,0.596790,0.439456
chess_term,3,2.012899,1.174419,0.583446
chess_term,4,2.973931,1.930467,0.649130
chess_term,5,4.236118,2.626117,0.619935
chess_term,6,5.481383,3.474627,0.633896
chess_term,7,6.408414,4.397569,0.686218
chess_term,8,8.249122,6.037971,0.731953
chess_term,9,9.497843,6.659207,0.701128
chess_term,10,10.554335,7.492107,0.709861
chess_term,11,10.918358,7.590647,0.695219
chess_term,12,11.524066,7.790434,0.676014
chess_term,13,12.207173,8.328435,0.682257
chess_term,14,13.323879,9.097623,0.682806
chess_term,15,14.218271,9.685588,0.681207
chess_term,16,15.053518,10.445122,0.693866
chess_term,17,16.620695,11.778816,0.708684
chess_term,18,18.528173,13.161091,0.710329
chess_term,19,21.221160,15.185540,0.715585
chess_term,20,25.984966,19.481088,0.749706
chess_term,21,27.875053,20.571302,0.737983
chess_term,22,31.080328,23.357548,0.751522
chess_term,23,37.646724,29.000395,0.770330
chess_term,24,45.558465,34.775476,0.763315
chess_term,25,52.434082,38.586569,0.735906
chess_term,26,57.822243,42.575764,0.736322
chess_term,27,62.743263,44.826622,0.714445
chess_term,28,70.213461,48.618391,0.692437
chess_term,29,78.368576,52.188779,0.665940
chess_term,30,84.904756,53.383528,0.628746
chess_term,31,98.090745,58.753776,0.598974
chess_term,32,107.598905,61.493223,0.571504
chess_term,33,119.078930,69.078361,0.580106
chess_term,34,133.479638,79.040686,0.592155
chess_term,35,173.206586,126.525424,0.730489
chess_term,36,33.711082,26.807583,0.795216
color_adjective,0,0.197747,0.050929,0.257545
color_adjective,1,0.905987,0.285583,0.315218
color_adjective,2,1.468148,0.711255,0.484457
color_adjective,3,2.087681,1.319516,0.632049
color_adjective,4,2.844365,1.920932,0.675346
color_adjective,5,3.597818,2.369197,0.658509
color_adjective,6,4.546793,3.070242,0.675254
color_adjective,7,5.406645,3.639167,0.673092
color_adjective,8,6.843366,4.878818,0.712927
color_adjective,9,8.043888,5.656307,0.703181
color_adjective,10,8.963827,6.299429,0.702761
color_adjective,11,9.837894,6.648979,0.675854
color_adjective,12,10.618489,7.068504,0.665679
color_adjective,13,11.444409,7.740596,0.676365
color_adjective,14,12.465564,8.690554,0.697165
color_adjective,15,13.305924,9.582934,0.720201
color_adjective,16,14.298377,10.549420,0.737805
color_adjective,17,16.004043,11.838865,0.739742
color_adjective,18,17.378709,12.937795,0.744462
color_adjective,19,20.311349,15.774404,0.776630
color_adjective,20,26.172761,21.453578,0.819691
color_adjective,21,27.804767,22.434446,0.806856
color_adjective,22,30.664756,24.860133,0.810707
color_adjective,23,37.890892,30.608417,0.807804
color_adjective,24,46.315766,36.657041,0.791459
color_adjective,25,54.810151,41.263693,0.752848
color_adjective,26,60.844120,45.246552,0.743647
color_adjective,27,66.461672,47.601925,0.716231
color_adjective,28,78.146708,56.277562,0.720153
color_adjective,29,88.870164,63.467854,0.714164
color_adjective,30,100.454822,70.139230,0.698217
color_adjective,31,123.804178,84.959247,0.686239
color_adjective,32,137.749683,93.873191,0.681477
color_adjective,33,152.810266,106.166111,0.694758
color_adjective,34,171.837260,119.382973,0.694744
color_adjective,35,246.794182,199.105583,0.806768
color_adjective,36,54.661205,47.651608,0.871763
container_vessel,0,0.172036,0.011965,0.069547
container_vessel,1,0.748476,0.156982,0.209736
container_vessel,2,1.164859,0.557658,0.478735
container_vessel,3,1.842863,1.266476,0.687233
container_vessel,4,2.844000,2.047921,0.720085
container_vessel,5,3.948155,2.720046,0.688941
container_vessel,6,5.092910,3.580436,0.703024
container_vessel,7,6.001831,4.376893,0.729260
container_vessel,8,7.792462,6.141005,0.788070
container_vessel,9,9.169592,7.137179,0.778353
container_vessel,10,10.097219,7.863513,0.778780
container_vessel,11,10.540914,8.212339,0.779092
container_vessel,12,11.330477,8.746938,0.771983
container_vessel,13,12.326271,9.585328,0.777634
container_vessel,14,13.433151,10.643944,0.792364
container_vessel,15,14.345212,11.427028,0.796574
container_vessel,16,15.586642,12.683197,0.813722
container_vessel,17,17.575414,13.975280,0.795161
container_vessel,18,19.295379,15.391982,0.797703
container_vessel,19,22.284118,18.156447,0.814771
container_vessel,20,28.634164,24.065853,0.840459
container_vessel,21,30.463101,25.266211,0.829404
container_vessel,22,34.151560,28.661204,0.839236
container_vessel,23,42.136363,35.344875,0.838821
container_vessel,24,49.604612,41.494363,0.836502
container_vessel,25,56.922633,46.426012,0.815598
container_vessel,26,63.587733,51.289468,0.806594
container_vessel,27,67.884962,53.770151,0.792078
container_vessel,28,78.532460,62.338614,0.793794
container_vessel,29,85.829185,67.780442,0.789713
container_vessel,30,94.337570,72.602556,0.769604
container_vessel,31,107.348284,81.919095,0.763115
container_vessel,32,116.042569,86.934836,0.749163
container_vessel,33,131.129821,98.764440,0.753181
container_vessel,34,152.209431,114.882713,0.754767
container_vessel,35,250.029692,207.971529,0.831787
container_vessel,36,49.403618,44.692888,0.904648
contains_ampersand,0,0.184528,0.041626,0.225583
contains_ampersand,1,1.191886,0.273245,0.229255
contains_ampersand,2,1.830940,0.753868,0.411738
contains_ampersand,3,2.474106,1.182840,0.478088
contains_ampersand,4,3.433360,1.727364,0.503112
contains_ampersand,5,4.250375,2.134454,0.502180
contains_ampersand,6,5.356711,2.774485,0.517946
contains_ampersand,7,6.144025,3.124678,0.508572
contains_ampersand,8,7.730148,4.202505,0.543651
contains_ampersand,9,8.887544,4.872327,0.548220
contains_ampersand,10,9.771535,5.288057,0.541170
contains_ampersand,11,10.622493,5.353482,0.503976
contains_ampersand,12,11.640639,6.273577,0.538938
contains_ampersand,13,12.284378,6.818233,0.555033
contains_ampersand,14,13.153420,7.260798,0.552008
contains_ampersand,15,13.890452,7.871633,0.566694
contains_ampersand,16,14.745042,8.618721,0.584517
contains_ampersand,17,16.996945,9.470743,0.557203
contains_ampersand,18,18.701293,10.632127,0.568524
contains_ampersand,19,21.728271,13.150305,0.605216
contains_ampersand,20,26.699541,16.214964,0.607312
contains_ampersand,21,29.551859,17.553841,0.594001
contains_ampersand,22,33.552742,20.271844,0.604178
contains_ampersand,23,40.690558,23.958197,0.588790
contains_ampersand,24,47.795061,27.023044,0.565394
contains_ampersand,25,56.992149,31.288411,0.548995
contains_ampersand,26,59.287681,31.556260,0.532257
contains_ampersand,27,66.641565,35.034075,0.525709
contains_ampersand,28,72.947471,38.296265,0.524984
contains_ampersand,29,79.577651,41.196244,0.517686
contains_ampersand,30,86.659085,42.928788,0.495375
contains_ampersand,31,99.898342,47.918909,0.479677
contains_ampersand,32,107.263292,49.176854,0.458469
contains_ampersand,33,121.085798,57.459038,0.474532
contains_ampersand,34,139.831672,72.765485,0.520379
contains_ampersand,35,185.108607,117.144849,0.632844
contains_ampersand,36,35.204427,25.833452,0.733813
contains_colon,0,0.132329,0.031423,0.237464
contains_colon,1,0.845868,0.200480,0.237011
contains_colon,2,1.252133,0.317591,0.253640
contains_colon,3,1.708551,0.335211,0.196196
contains_colon,4,2.353536,0.503908,0.214107
contains_colon,5,3.145396,0.583781,0.185599
contains_colon,6,3.800370,0.587035,0.154468
contains_colon,7,4.447442,0.421964,0.094878
contains_colon,8,5.428757,0.181762,0.033481
contains_colon,9,6.309128,0.306790,0.048626
contains_colon,10,7.146253,0.086280,0.012074
contains_colon,11,7.434860,0.049363,0.006639
contains_colon,12,7.959407,0.239929,0.030144
contains_colon,13,8.351076,0.449212,0.053791
contains_colon,14,9.066592,0.437143,0.048215
contains_colon,15,9.693030,0.764937,0.078916
contains_colon,16,10.274981,1.214912,0.118240
contains_colon,17,22.296421,2.260674,0.101392
contains_colon,18,23.219828,2.652510,0.114235
contains_colon,19,24.788961,3.310360,0.133542
contains_colon,20,28.462904,2.528089,0.088821
contains_colon,21,30.240252,3.253697,0.107595
contains_colon,22,31.899904,4.385941,0.137491
contains_colon,23,35.846511,3.419315,0.095388
contains_colon,24,40.560033,2.669468,0.065815
contains_colon,25,44.889498,2.648490,0.059000
contains_colon,26,47.046038,0.309537,0.006579
contains_colon,27,50.042434,-0.237292,-0.004742
contains_colon,28,53.935124,-3.215863,-0.059625
contains_colon,29,59.440791,-2.308767,-0.038841
contains_colon,30,66.425007,-2.806752,-0.042254
contains_colon,31,75.931663,-5.186278,-0.068302
contains_colon,32,80.976972,-6.148191,-0.075925
contains_colon,33,87.839211,-6.237703,-0.071013
contains_colon,34,97.482150,-5.755565,-0.059042
contains_colon,35,115.955991,-16.749030,-0.144443
contains_colon,36,17.916742,4.478275,0.249949
contains_dash,0,0.168226,0.011218,0.066685
contains_dash,1,0.940011,0.089609,0.095328
contains_dash,2,1.546177,0.461163,0.298260
contains_dash,3,2.260706,0.934431,0.413336
contains_dash,4,3.260760,1.479275,0.453660
contains_dash,5,4.422719,1.720063,0.388915
contains_dash,6,5.774883,2.337663,0.404798
contains_dash,7,7.122882,2.734633,0.383922
contains_dash,8,8.446281,3.652913,0.432488
contains_dash,9,10.138631,4.572931,0.451040
contains_dash,10,11.052644,4.845007,0.438357
contains_dash,11,11.886456,5.088645,0.428104
contains_dash,12,13.117976,5.460763,0.416281
contains_dash,13,13.880361,5.737706,0.413369
contains_dash,14,14.439416,5.872640,0.406709
contains_dash,15,15.527434,6.991387,0.450260
contains_dash,16,16.469006,7.429692,0.451132
contains_dash,17,66.987925,10.620683,0.158546
contains_dash,18,67.724921,12.753880,0.188319
contains_dash,19,68.038893,13.895202,0.204224
contains_dash,20,70.623699,8.707420,0.123293
contains_dash,21,71.464939,9.312171,0.130304
contains_dash,22,72.229499,11.776644,0.163045
contains_dash,23,74.233092,10.679513,0.143865
contains_dash,24,80.413879,11.873734,0.147658
contains_dash,25,85.213360,13.520856,0.158671
contains_dash,26,87.346427,13.470293,0.154217
contains_dash,27,89.700505,15.626182,0.174204
contains_dash,28,93.956835,9.607343,0.102253
contains_dash,29,97.844081,13.863702,0.141692
contains_dash,30,104.468754,12.813935,0.122658
contains_dash,31,113.280440,13.185536,0.116397
contains_dash,32,121.978101,12.630666,0.103549
contains_dash,33,129.310145,15.734782,0.121682
contains_dash,34,136.938629,15.972006,0.116636
contains_dash,35,148.925826,42.389939,0.284638
contains_dash,36,25.664596,14.913671,0.581099
contains_dollar,0,0.294814,-0.014275,-0.048422
contains_dollar,1,1.181908,0.059160,0.050054
contains_dollar,2,1.812740,0.600980,0.331532
contains_dollar,3,2.493570,1.171925,0.469979
contains_dollar,4,3.551192,1.794934,0.505446
contains_dollar,5,4.686544,2.277399,0.485944
contains_dollar,6,5.851841,2.835261,0.484508
contains_dollar,7,6.793590,3.250475,0.478462
contains_dollar,8,8.313627,4.650726,0.559410
contains_dollar,9,9.696657,5.542759,0.571616
contains_dollar,10,10.686825,5.802798,0.542986
contains_dollar,11,11.359078,5.953471,0.524116
contains_dollar,12,12.452098,6.454290,0.518330
contains_dollar,13,13.104582,7.149710,0.545589
contains_dollar,14,14.237884,8.187230,0.575031
contains_dollar,15,14.768542,8.632190,0.584498
contains_dollar,16,15.929287,9.855618,0.618711
contains_dollar,17,18.047651,11.130849,0.616748
contains_dollar,18,19.446547,11.752065,0.604327
contains_dollar,19,22.594531,14.213195,0.629055
contains_dollar,20,28.744245,19.451821,0.676721
contains_dollar,21,31.391477,20.522619,0.653764
contains_dollar,22,35.766026,23.954848,0.669765
contains_dollar,23,43.140780,29.800697,0.690778
contains_dollar,24,51.512512,35.074322,0.680889
contains_dollar,25,61.255509,39.618460,0.646774
contains_dollar,26,67.740332,43.452889,0.641463
contains_dollar,27,74.665849,45.192718,0.605266
contains_dollar,28,87.561320,54.317424,0.620336
contains_dollar,29,97.694133,58.502759,0.598836
contains_dollar,30,109.021203,63.793229,0.585145
contains_dollar,31,125.314047,72.699681,0.580140
contains_dollar,32,137.111625,77.899041,0.568143
contains_dollar,33,153.261790,87.701242,0.572232
contains_dollar,34,184.981496,109.448289,0.591672
contains_dollar,35,293.507438,212.320547,0.723391
contains_dollar,36,69.137289,56.629722,0.819091
contains_ellipsis,0,0.238761,0.076620,0.320905
contains_ellipsis,1,1.502139,0.412566,0.274652
contains_ellipsis,2,2.206184,0.615076,0.278796
contains_ellipsis,3,2.862602,0.703851,0.245878
contains_ellipsis,4,3.911121,1.039851,0.265870
contains_ellipsis,5,5.134417,1.323300,0.257731
contains_ellipsis,6,6.240102,1.670071,0.267635
contains_ellipsis,7,7.380381,1.912520,0.259136
contains_ellipsis,8,9.208727,2.484182,0.269764
contains_ellipsis,9,11.046694,2.913799,0.263771
contains_ellipsis,10,11.792398,2.796725,0.237163
contains_ellipsis,11,12.808251,3.318067,0.259057
contains_ellipsis,12,13.692850,3.720193,0.271689
contains_ellipsis,13,13.915757,3.715939,0.267031
contains_ellipsis,14,14.643846,3.969439,0.271065
contains_ellipsis,15,15.406553,4.185846,0.271693
contains_ellipsis,16,16.386464,4.677768,0.285465
contains_ellipsis,17,17.277710,5.265982,0.304785
contains_ellipsis,18,19.597424,6.004138,0.306374
contains_ellipsis,19,23.105414,8.020040,0.347107
contains_ellipsis,20,29.663140,11.273481,0.380050
contains_ellipsis,21,33.990030,12.895384,0.379387
contains_ellipsis,22,37.873821,14.877072,0.392806
contains_ellipsis,23,43.597203,16.997569,0.389878
contains_ellipsis,24,52.851710,19.812972,0.374879
contains_ellipsis,25,58.850699,21.223422,0.360632
contains_ellipsis,26,62.143204,21.119248,0.339848
contains_ellipsis,27,67.663095,23.441746,0.346448
contains_ellipsis,28,74.995861,26.943772,0.359270
contains_ellipsis,29,85.079281,29.961828,0.352164
contains_ellipsis,30,91.862790,30.087934,0.327531
contains_ellipsis,31,103.538810,31.572480,0.304934
contains_ellipsis,32,110.767984,31.567917,0.284991
contains_ellipsis,33,124.879755,40.783268,0.326580
contains_ellipsis,34,139.362035,45.610442,0.327280
contains_ellipsis,35,172.743711,62.787847,0.363474
contains_ellipsis,36,31.469515,12.571883,0.399494
contains_emoji,0,0.154034,0.033700,0.218782
contains_emoji,1,0.921691,0.110552,0.119945
contains_emoji,2,1.373694,0.347159,0.252720
contains_emoji,3,1.889227,0.690171,0.365319
contains_emoji,4,2.773478,1.228852,0.443073
contains_emoji,5,3.895700,1.753870,0.450207
contains_emoji,6,4.741165,2.152427,0.453987
contains_emoji,7,5.561386,2.657558,0.477859
contains_emoji,8,7.106675,3.839882,0.540321
contains_emoji,9,7.937263,4.287832,0.540215
contains_emoji,10,8.685240,4.646076,0.534939
contains_emoji,11,9.139234,4.827256,0.528190
contains_emoji,12,10.006441,5.342247,0.533881
contains_emoji,13,10.473082,5.643822,0.538888
contains_emoji,14,11.292001,6.229048,0.551634
contains_emoji,15,11.724133,6.342492,0.540977
contains_emoji,16,12.552206,7.026335,0.559769
contains_emoji,17,29.007752,7.090942,0.244450
contains_emoji,18,29.777341,7.082591,0.237852
contains_emoji,19,30.759041,8.987065,0.292176
contains_emoji,20,33.420136,14.315656,0.428354
contains_emoji,21,36.033462,15.798930,0.438452
contains_emoji,22,38.262171,17.624867,0.460634
contains_emoji,23,42.508514,21.770458,0.512143
contains_emoji,24,48.451067,24.397690,0.503553
contains_emoji,25,56.410904,27.601132,0.489287
contains_emoji,26,59.302387,28.239578,0.476196
contains_emoji,27,64.602270,29.946827,0.463557
contains_emoji,28,71.073447,34.181530,0.480932
contains_emoji,29,78.313678,36.089616,0.460834
contains_emoji,30,84.264576,37.358360,0.443346
contains_emoji,31,96.537544,41.174604,0.426514
contains_emoji,32,106.332733,42.209702,0.396959
contains_emoji,33,120.655757,48.477696,0.401785
contains_emoji,34,135.532070,60.239672,0.444468
contains_emoji,35,154.557721,71.345470,0.461611
contains_emoji,36,26.928067,6.769628,0.251397
contains_number,0,0.135504,0.023305,0.171984
contains_number,1,0.832280,0.213335,0.256326
contains_number,2,1.265557,0.577715,0.456491
contains_number,3,1.774267,1.036440,0.584151
contains_number,4,2.480101,1.565674,0.631295
contains_number,5,3.279921,1.966889,0.599676
contains_number,6,4.293025,2.654142,0.618245
contains_number,7,5.316239,3.180385,0.598240
contains_number,8,6.801096,4.539859,0.667519
contains_number,9,7.879863,5.159855,0.654815
contains_number,10,8.748384,5.742203,0.656373
contains_number,11,9.414089,6.153891,0.653690
contains_number,12,10.360907,6.660504,0.642849
contains_number,13,10.864459,7.101418,0.653637
contains_number,14,11.739777,8.027175,0.683759
contains_number,15,12.360021,8.809883,0.712772
contains_number,16,13.377110,9.799202,0.732535
contains_number,17,14.502038,10.659860,0.735059
contains_number,18,15.723069,11.488626,0.730686
contains_number,19,18.900588,14.388658,0.761281
contains_number,20,24.937626,20.109219,0.806381
contains_number,21,26.261980,20.619502,0.785147
contains_number,22,29.269744,23.096795,0.789101
contains_number,23,35.304422,28.195471,0.798639
contains_number,24,42.547602,33.360846,0.784083
contains_number,25,47.877833,35.753904,0.746774
contains_number,26,51.577605,37.396627,0.725056
contains_number,27,55.961058,38.614731,0.690029
contains_number,28,62.333673,41.538431,0.666388
contains_number,29,71.431177,46.386671,0.649390
contains_number,30,78.756456,47.656434,0.605111
contains_number,31,89.366129,51.046852,0.571210
contains_number,32,96.942708,50.481542,0.520736
contains_number,33,105.765880,54.134457,0.511833
contains_number,34,114.526781,58.779622,0.513239
contains_number,35,131.329422,65.926167,0.501991
contains_number,36,16.474805,4.783002,0.290322
contains_parentheses,0,0.372372,0.110096,0.295662
contains_parentheses,1,2.326193,0.786119,0.337942
contains_parentheses,2,3.596189,1.310971,0.364545
contains_parentheses,3,4.767140,1.887126,0.395861
contains_parentheses,4,6.840341,2.675955,0.391202
contains_parentheses,5,9.675440,3.160823,0.326685
contains_parentheses,6,12.639620,3.838838,0.303715
contains_parentheses,7,14.429593,3.458958,0.239713
contains_parentheses,8,16.989962,4.064124,0.239207
contains_parentheses,9,20.356337,4.774669,0.234554
contains_parentheses,10,21.581392,5.196732,0.240797
contains_parentheses,11,24.011833,5.912419,0.246229
contains_parentheses,12,26.785102,7.421982,0.277094
contains_parentheses,13,28.678560,8.110920,0.282822
contains_parentheses,14,31.447772,9.241749,0.293876
contains_parentheses,15,32.856118,10.384902,0.316072
contains_parentheses,16,34.615014,12.005428,0.346827
contains_parentheses,17,36.278874,13.439138,0.370440
contains_parentheses,18,39.495295,13.491823,0.341606
contains_parentheses,19,44.093886,17.423884,0.395154
contains_parentheses,20,53.718870,26.127872,0.486382
contains_parentheses,21,58.153565,26.504283,0.455764
contains_parentheses,22,62.244789,28.785715,0.462460
contains_parentheses,23,74.254561,36.917342,0.497173
contains_parentheses,24,94.202254,45.522870,0.483246
contains_parentheses,25,119.550466,53.168081,0.444733
contains_parentheses,26,134.612028,59.418297,0.441404
contains_parentheses,27,151.331819,62.092530,0.410307
contains_parentheses,28,174.394894,77.529400,0.444562
contains_parentheses,29,209.715428,92.845743,0.442723
contains_parentheses,30,245.466368,109.533155,0.446225
contains_parentheses,31,298.391753,138.244999,0.463300
contains_parentheses,32,337.159329,159.368477,0.472680
contains_parentheses,33,369.997501,176.637540,0.477402
contains_parentheses,34,415.726227,197.411401,0.474859
contains_parentheses,35,491.978472,287.723267,0.584829
contains_parentheses,36,95.323472,61.655216,0.646800
contains_percent,0,0.179887,0.073199,0.406915
contains_percent,1,0.980964,0.260831,0.265893
contains_percent,2,1.624774,0.718070,0.441950
contains_percent,3,2.286739,1.110187,0.485489
contains_percent,4,3.383526,1.776595,0.525072
contains_percent,5,4.334695,2.243052,0.517465
contains_percent,6,5.418788,2.858554,0.527526
contains_percent,7,6.294943,3.212880,0.510391
contains_percent,8,8.073219,4.502526,0.557711
contains_percent,9,9.079525,4.715070,0.519308
contains_percent,10,9.855920,5.198517,0.527451
contains_percent,11,10.534030,5.437412,0.516176
contains_percent,12,11.747089,6.293782,0.535774
contains_percent,13,12.468161,6.728675,0.539669
contains_percent,14,13.945556,7.622861,0.546616
contains_percent,15,14.925570,8.196043,0.549128
contains_percent,16,15.957520,8.933625,0.559838
contains_percent,17,17.243063,9.593111,0.556346
contains_percent,18,19.117800,10.110828,0.528870
contains_percent,19,22.495700,12.449053,0.553397
contains_percent,20,27.601294,16.482821,0.597176
contains_percent,21,30.774209,17.594852,0.571740
contains_percent,22,35.645437,21.250315,0.596158
contains_percent,23,42.904341,26.527933,0.618304
contains_percent,24,52.107657,31.006352,0.595044
contains_percent,25,60.482955,35.641704,0.589285
contains_percent,26,63.643569,36.539798,0.574132
contains_percent,27,70.049277,38.219416,0.545608
contains_percent,28,78.452205,42.844011,0.546116
contains_percent,29,87.279379,45.725504,0.523898
contains_percent,30,95.839120,48.732939,0.508487
contains_percent,31,105.298371,52.612026,0.499647
contains_percent,32,113.714492,53.413172,0.469713
contains_percent,33,125.031315,59.823226,0.478466
contains_percent,34,141.934968,76.570019,0.539473
contains_percent,35,204.306016,144.558447,0.707558
contains_percent,36,46.251519,39.292727,0.849545
contains_quotation,0,0.160527,0.008222,0.051217
contains_quotation,1,0.905039,0.076788,0.084845
contains_quotation,2,1.397520,0.288955,0.206762
contains_quotation,3,1.933057,0.585398,0.302835
contains_quotation,4,2.768060,0.996843,0.360123
contains_quotation,5,3.579434,1.215184,0.339490
contains_quotation,6,4.501749,1.539924,0.342072
contains_quotation,7,5.435363,1.677239,0.308579
contains_quotation,8,6.742385,2.729473,0.404823
contains_quotation,9,7.819923,3.160290,0.404133
contains_quotation,10,8.630195,3.600524,0.417201
contains_quotation,11,9.135307,3.722759,0.407513
contains_quotation,12,10.024901,4.282494,0.427186
contains_quotation,13,10.332695,4.483636,0.433927
contains_quotation,14,11.036250,4.997045,0.452785
contains_quotation,15,11.576480,5.562298,0.480483
contains_quotation,16,12.340131,6.380583,0.517060
contains_quotation,17,13.291583,7.310404,0.550003
contains_quotation,18,14.347808,7.947091,0.553889
contains_quotation,19,16.835487,10.201951,0.605979
contains_quotation,20,20.811468,13.330233,0.640523
contains_quotation,21,22.893184,14.097110,0.615778
contains_quotation,22,25.913557,16.583030,0.639936
contains_quotation,23,31.016714,19.385288,0.624995
contains_quotation,24,37.289988,21.943251,0.588449
contains_quotation,25,44.156788,24.035266,0.544316
contains_quotation,26,47.636089,24.946063,0.523680
contains_quotation,27,52.621766,25.614101,0.486759
contains_quotation,28,58.113483,26.656859,0.458704
contains_quotation,29,65.627327,29.631140,0.451506
contains_quotation,30,71.012774,29.634539,0.417313
contains_quotation,31,80.543877,31.347912,0.389203
contains_quotation,32,87.433123,30.603360,0.350020
contains_quotation,33,96.002772,34.551064,0.359897
contains_quotation,34,106.356584,40.916798,0.384713
contains_quotation,35,126.723336,49.206595,0.388299
contains_quotation,36,22.984509,8.339437,0.362829
contains_semicolon,0,0.166704,0.054353,0.326046
contains_semicolon,1,1.436055,0.041028,0.028570
contains_semicolon,2,1.956910,0.274581,0.140313
contains_semicolon,3,2.526547,0.711618,0.281656
contains_semicolon,4,3.767956,1.254868,0.333037
contains_semicolon,5,4.888888,1.676891,0.343001
contains_semicolon,6,6.057278,2.179803,0.359865
contains_semicolon,7,7.031346,2.601868,0.370038
contains_semicolon,8,8.759109,4.097727,0.467825
contains_semicolon,9,10.306368,4.530552,0.439588
contains_semicolon,10,12.486732,5.525131,0.442480
contains_semicolon,11,13.553624,5.802121,0.428086
contains_semicolon,12,15.080413,6.433459,0.426610
contains_semicolon,13,15.910476,6.876391,0.432193
contains_semicolon,14,17.349208,8.108794,0.467387
contains_semicolon,15,18.421589,8.658026,0.469993
contains_semicolon,16,19.382749,9.530759,0.491713
contains_semicolon,17,21.933756,11.276375,0.514111
contains_semicolon,18,23.486767,11.774229,0.501313
contains_semicolon,19,26.329319,13.509501,0.513097
contains_semicolon,20,33.012457,18.717163,0.566973
contains_semicolon,21,34.559323,18.782442,0.543484
contains_semicolon,22,38.576762,21.810241,0.565373
contains_semicolon,23,47.788822,28.320205,0.592611
contains_semicolon,24,58.225781,33.890549,0.582054
contains_semicolon,25,69.980862,38.172857,0.545476
contains_semicolon,26,78.326720,42.265881,0.539610
contains_semicolon,27,85.969676,43.265389,0.503263
contains_semicolon,28,98.928152,48.357627,0.488816
contains_semicolon,29,114.266637,53.287288,0.466342
contains_semicolon,30,130.310119,54.721813,0.419935
contains_semicolon,31,160.803839,63.261220,0.393406
contains_semicolon,32,178.274149,67.281264,0.377403
contains_semicolon,33,193.511113,69.613270,0.359738
contains_semicolon,34,206.155584,80.774446,0.391813
contains_semicolon,35,241.049944,121.457214,0.503867
contains_semicolon,36,51.677465,36.139378,0.699326
contains_slash,0,0.161981,0.044650,0.275652
contains_slash,1,0.882757,0.158551,0.179609
contains_slash,2,1.347219,0.414961,0.308013
contains_slash,3,1.818035,0.578564,0.318236
contains_slash,4,2.472604,0.847786,0.342872
contains_slash,5,3.227523,1.109714,0.343828
contains_slash,6,4.073334,1.503687,0.369154
contains_slash,7,4.921541,1.918021,0.389720
contains_slash,8,6.326285,2.741588,0.433365
contains_slash,9,7.157844,3.099935,0.433082
contains_slash,10,7.609005,3.172690,0.416965
contains_slash,11,7.894472,3.240786,0.410513
contains_slash,12,8.551768,3.655192,0.427419
contains_slash,13,8.823707,3.707424,0.420166
contains_slash,14,9.553266,4.015453,0.420322
contains_slash,15,9.824799,4.419381,0.449819
contains_slash,16,10.769459,5.193141,0.482210
contains_slash,17,11.695569,6.046217,0.516966
contains_slash,18,12.820927,6.389498,0.498365
contains_slash,19,15.018144,8.286514,0.551767
contains_slash,20,19.259903,11.254523,0.584350
contains_slash,21,21.548080,11.894847,0.552014
contains_slash,22,25.065953,14.037586,0.560026
contains_slash,23,30.681209,15.903300,0.518340
contains_slash,24,36.459856,18.436691,0.505671
contains_slash,25,43.468108,20.152610,0.463618
contains_slash,26,45.563499,19.806640,0.434704
contains_slash,27,50.966546,21.036731,0.412756
contains_slash,28,54.905059,21.795256,0.396963
contains_slash,29,61.100632,24.511680,0.401169
contains_slash,30,64.836196,24.683625,0.380707
contains_slash,31,72.116218,24.490868,0.339603
contains_slash,32,77.623064,23.714164,0.305504
contains_slash,33,86.928308,24.620353,0.283226
contains_slash,34,96.666056,30.017511,0.310528
contains_slash,35,119.181902,46.364262,0.389021
contains_slash,36,21.837542,10.445497,0.478327
culinary_verb,0,0.171554,0.057848,0.337201
culinary_verb,1,0.991721,0.290161,0.292583
culinary_verb,2,1.435603,0.468305,0.326208
culinary_verb,3,2.035146,0.872693,0.428811
culinary_verb,4,2.750577,1.311739,0.476896
culinary_verb,5,3.742673,1.785416,0.477043
culinary_verb,6,4.804248,2.366818,0.492651
culinary_verb,7,6.157661,3.142088,0.510273
culinary_verb,8,7.667493,4.189718,0.546426
culinary_verb,9,9.134114,4.917947,0.538415
culinary_verb,10,10.278531,5.591068,0.543956
culinary_verb,11,11.350890,6.055700,0.533500
culinary_verb,12,12.477732,6.453049,0.517165
culinary_verb,13,13.392173,6.959853,0.519696
culinary_verb,14,14.497798,7.674373,0.529347
culinary_verb,15,15.392672,8.284008,0.538179
culinary_verb,16,16.620196,9.224796,0.555035
culinary_verb,17,17.870104,10.372672,0.580448
culinary_verb,18,20.077225,11.907078,0.593064
culinary_verb,19,22.689954,13.746577,0.605844
culinary_verb,20,27.618547,17.403684,0.630145
culinary_verb,21,29.945156,18.342649,0.612541
culinary_verb,22,32.845792,20.297266,0.617956
culinary_verb,23,38.591532,23.515709,0.609349
culinary_verb,24,47.270440,27.138644,0.574114
culinary_verb,25,55.989542,29.169959,0.520989
culinary_verb,26,61.985976,31.422465,0.506929
culinary_verb,27,69.968434,32.635050,0.466425
culinary_verb,28,77.078766,32.842715,0.426093
culinary_verb,29,88.513952,36.090303,0.407736
culinary_verb,30,101.698791,34.411460,0.338366
culinary_verb,31,122.592744,34.452859,0.281035
culinary_verb,32,137.849969,31.031073,0.225108
culinary_verb,33,149.878379,32.028974,0.213700
culinary_verb,34,166.474544,23.834128,0.143170
culinary_verb,35,191.339545,0.892001,0.004662
culinary_verb,36,25.672259,11.051606,0.430488
currency_name,0,0.136700,0.077555,0.567336
currency_name,1,0.846419,0.421603,0.498102
currency_name,2,1.319452,0.767248,0.581490
currency_name,3,1.868257,1.246961,0.667446
currency_name,4,2.707326,1.847967,0.682580
currency_name,5,3.583571,2.320333,0.647492
currency_name,6,4.605343,3.123843,0.678309
currency_name,7,5.409608,3.639906,0.672859
currency_name,8,6.636888,4.698353,0.707915
currency_name,9,7.686906,5.346954,0.695592
currency_name,10,8.376835,5.764278,0.688121
currency_name,11,9.040705,6.269903,0.693519
currency_name,12,9.795352,6.746568,0.688752
currency_name,13,10.532010,7.213284,0.684891
currency_name,14,11.190150,7.690560,0.687262
currency_name,15,12.052657,8.445034,0.700678
currency_name,16,12.956579,9.412297,0.726449
currency_name,17,14.164496,10.329575,0.729258
currency_name,18,15.240555,11.003402,0.721982
currency_name,19,17.683618,13.364704,0.755768
currency_name,20,22.633162,17.997324,0.795175
currency_name,21,23.768447,18.502463,0.778446
currency_name,22,26.115085,20.642883,0.790458
currency_name,23,31.118152,24.824411,0.797747
currency_name,24,37.049736,28.452817,0.767963
currency_name,25,42.517831,30.817613,0.724816
currency_name,26,46.017086,32.885630,0.714640
currency_name,27,51.071088,34.472512,0.674991
currency_name,28,56.878452,38.331812,0.673925
currency_name,29,63.362150,41.606008,0.656638
currency_name,30,70.800507,43.654854,0.616590
currency_name,31,79.107371,47.401368,0.599203
currency_name,32,87.797061,50.379899,0.573822
currency_name,33,96.015648,57.454871,0.598391
currency_name,34,107.608183,67.918717,0.631167
currency_name,35,152.362722,115.420221,0.757536
currency_name,36,30.233550,25.983556,0.859428
dance_style,0,0.129080,0.070524,0.546361
dance_style,1,0.763726,0.362450,0.474581
dance_style,2,1.218438,0.641579,0.526559
dance_style,3,1.787896,1.117896,0.625258
dance_style,4,2.677997,1.810207,0.675956
dance_style,5,3.651560,2.335569,0.639608
dance_style,6,4.515181,3.003293,0.665155
dance_style,7,5.251538,3.413751,0.650048
dance_style,8,6.819567,4.798469,0.703632
dance_style,9,8.029014,5.486589,0.683345
dance_style,10,9.144512,6.330997,0.692328
dance_style,11,9.489737,6.376968,0.671986
dance_style,12,10.284619,6.667738,0.648321
dance_style,13,10.757557,7.033274,0.653798
dance_style,14,11.771716,7.954195,0.675704
dance_style,15,12.437958,8.574417,0.689375
dance_style,16,13.510093,9.576951,0.708874
dance_style,17,15.179762,10.850526,0.714802
dance_style,18,16.369924,11.528417,0.704244
dance_style,19,18.837044,13.620179,0.723053
dance_style,20,23.706051,17.911154,0.755552
dance_style,21,25.359737,18.600986,0.733485
dance_style,22,28.399671,21.141843,0.744440
dance_style,23,35.079081,26.696716,0.761044
dance_style,24,43.158636,32.134632,0.744570
dance_style,25,49.620865,35.480720,0.715036
dance_style,26,55.081963,39.677915,0.720343
dance_style,27,60.260386,42.177870,0.699927
dance_style,28,69.489112,49.152282,0.707338
dance_style,29,77.935192,53.929163,0.691974
dance_style,30,89.404757,59.801146,0.668881
dance_style,31,106.043333,70.289542,0.662838
dance_style,32,117.792174,77.634632,0.659081
dance_style,33,129.429159,87.030053,0.672415
dance_style,34,143.376572,98.689155,0.688321
dance_style,35,204.823903,163.642080,0.798940
dance_style,36,39.669657,36.192570,0.912349
emotion_word,0,0.132638,0.037776,0.284806
emotion_word,1,0.817514,0.204981,0.250737
emotion_word,2,1.309879,0.596671,0.455516
emotion_word,3,1.783610,0.978045,0.548351
emotion_word,4,2.507187,1.473243,0.587608
emotion_word,5,3.310454,1.912698,0.577775
emotion_word,6,4.274810,2.503967,0.585749
emotion_word,7,5.181380,3.085971,0.595589
emotion_word,8,6.864521,4.410256,0.642471
emotion_word,9,7.967487,4.978308,0.624828
emotion_word,10,8.877522,5.450410,0.613956
emotion_word,11,9.762657,6.116059,0.626475
emotion_word,12,10.473703,6.652297,0.635143
emotion_word,13,10.921193,7.019456,0.642737
emotion_word,14,11.807369,7.909962,0.669917
emotion_word,15,12.441672,8.620513,0.692874
emotion_word,16,13.329674,9.623335,0.721948
emotion_word,17,22.927537,11.383291,0.496490
emotion_word,18,24.117892,12.881089,0.534088
emotion_word,19,25.909391,15.054748,0.581054
emotion_word,20,29.154139,17.958808,0.615995
emotion_word,21,30.657392,18.960103,0.618451
emotion_word,22,34.334268,21.836416,0.635995
emotion_word,23,39.923598,25.612643,0.641541
emotion_word,24,47.588550,30.206306,0.634739
emotion_word,25,52.806158,32.941114,0.623812
emotion_word,26,56.321394,33.808583,0.600280
emotion_word,27,61.725188,35.822471,0.580354
emotion_word,28,66.835214,36.830461,0.551064
emotion_word,29,74.225923,40.614037,0.547168
emotion_word,30,79.258283,41.170206,0.519444
emotion_word,31,91.421826,44.586776,0.487704
emotion_word,32,100.656133,45.469929,0.451735
emotion_word,33,109.312499,48.605519,0.444647
emotion_word,34,120.733661,54.080176,0.447930
emotion_word,35,143.811261,87.447905,0.608074
emotion_word,36,23.481516,10.586369,0.450838
extinct_animal,0,0.121579,0.036432,0.299655
extinct_animal,1,0.617209,0.177505,0.287593
extinct_animal,2,0.956614,0.303322,0.317079
extinct_animal,3,1.361511,0.645915,0.474411
extinct_animal,4,1.938838,0.958126,0.494175
extinct_animal,5,2.654748,1.218854,0.459122
extinct_animal,6,3.336775,1.624777,0.486930
extinct_animal,7,3.923144,1.902442,0.484928
extinct_animal,8,4.786018,2.540200,0.530754
extinct_animal,9,5.615530,2.904473,0.517222
extinct_animal,10,6.452068,3.318841,0.514384
extinct_animal,11,7.212140,3.784768,0.524777
extinct_animal,12,7.710109,4.023203,0.521809
extinct_animal,13,8.302463,4.334064,0.522021
extinct_animal,14,8.965302,4.916047,0.548341
extinct_animal,15,9.683304,5.574672,0.575699
extinct_animal,16,10.517071,6.451737,0.613454
extinct_animal,17,11.481792,7.161866,0.623759
extinct_animal,18,12.754872,8.031711,0.629698
extinct_animal,19,14.982957,10.068674,0.672008
extinct_animal,20,19.080201,13.830341,0.724853
extinct_animal,21,20.405470,14.571942,0.714119
extinct_animal,22,22.234559,15.717082,0.706876
extinct_animal,23,26.485071,18.885869,0.713076
extinct_animal,24,31.922525,21.995922,0.689041
extinct_animal,25,38.270485,24.083857,0.629306
extinct_animal,26,41.788344,25.686180,0.614673
extinct_animal,27,45.960515,26.827291,0.583703
extinct_animal,28,52.319278,30.070708,0.574754
extinct_animal,29,61.363974,34.753078,0.566343
extinct_animal,30,69.144536,36.818819,0.532491
extinct_animal,31,82.028957,43.450871,0.529702
extinct_animal,32,92.388989,47.942632,0.518921
extinct_animal,33,101.414884,54.386435,0.536277
extinct_animal,34,107.533000,55.143446,0.512805
extinct_animal,35,124.325338,68.051329,0.547365
extinct_animal,36,24.403076,19.207614,0.787098
fabric_type,0,0.138179,0.065366,0.473051
fabric_type,1,0.791251,0.360092,0.455092
fabric_type,2,1.139724,0.538316,0.472321
fabric_type,3,1.531730,0.911546,0.595109
fabric_type,4,2.279656,1.521670,0.667500
fabric_type,5,3.004398,2.038770,0.678595
fabric_type,6,3.959085,2.781763,0.702628
fabric_type,7,4.945452,3.485315,0.704752
fabric_type,8,6.368177,4.742389,0.744701
fabric_type,9,7.309798,5.330253,0.729193
fabric_type,10,8.269249,6.113274,0.739278
fabric_type,11,8.911255,6.578609,0.738236
fabric_type,12,9.435797,6.893842,0.730605
fabric_type,13,10.082659,7.389493,0.732891
fabric_type,14,10.961823,8.232028,0.750973
fabric_type,15,11.499126,8.751993,0.761101
fabric_type,16,12.474760,9.755253,0.781999
fabric_type,17,13.725407,10.709196,0.780246
fabric_type,18,14.847713,11.628670,0.783196
fabric_type,19,16.900766,13.391456,0.792358
fabric_type,20,21.243314,17.233227,0.811231
fabric_type,21,22.674571,17.956106,0.791905
fabric_type,22,25.184060,20.156735,0.800377
fabric_type,23,30.687041,24.635305,0.802792
fabric_type,24,36.944052,29.309195,0.793340
fabric_type,25,41.822070,32.459294,0.776128
fabric_type,26,46.133485,35.467346,0.768798
fabric_type,27,50.171945,37.786914,0.753148
fabric_type,28,56.191158,41.877723,0.745272
fabric_type,29,62.459063,45.277127,0.724909
fabric_type,30,69.386636,47.589600,0.685861
fabric_type,31,78.253357,51.353178,0.656242
fabric_type,32,85.307588,53.505016,0.627201
fabric_type,33,93.262197,56.693908,0.607898
fabric_type,34,102.883699,62.354437,0.606067
fabric_type,35,126.044092,81.802969,0.649003
fabric_type,36,20.806252,10.753578,0.516844
first_person,0,0.187950,0.063846,0.339698
first_person,1,0.985409,0.218630,0.221867
first_person,2,1.522988,0.534941,0.351244
first_person,3,2.150988,0.857418,0.398616
first_person,4,3.070809,1.087837,0.354251
first_person,5,4.176329,1.146266,0.274467
first_person,6,5.296668,1.454038,0.274519
first_person,7,5.998539,1.438013,0.239727
first_person,8,7.762379,1.442324,0.185810
first_person,9,8.876286,1.860785,0.209636
first_person,10,9.585712,2.152269,0.224529
first_person,11,10.418500,2.353770,0.225922
first_person,12,11.659984,3.115446,0.267191
first_person,13,12.041183,3.411969,0.283358
first_person,14,12.917838,3.688319,0.285521
first_person,15,13.727270,4.492869,0.327295
first_person,16,14.931355,5.285718,0.354001
first_person,17,16.323654,5.878395,0.360115
first_person,18,17.924208,6.006540,0.335108
first_person,19,20.838731,7.633266,0.366302
first_person,20,25.175916,11.525969,0.457817
first_person,21,27.702357,11.953283,0.431490
first_person,22,31.044916,13.393886,0.431436
first_person,23,36.638868,14.705930,0.401375
first_person,24,43.816184,15.641366,0.356977
first_person,25,49.083132,16.509663,0.336361
first_person,26,52.180396,15.137843,0.290106
first_person,27,56.659702,14.998174,0.264706
first_person,28,61.655742,14.773252,0.239609
first_person,29,68.843630,15.998777,0.232393
first_person,30,75.141244,14.915215,0.198496
first_person,31,85.301722,12.848332,0.150622
first_person,32,92.493709,11.795773,0.127531
first_person,33,101.487729,13.247586,0.130534
first_person,34,113.108807,10.363722,0.091626
first_person,35,144.289100,-18.603513,-0.128932
first_person,36,23.279306,6.942774,0.298238
furniture_item,0,0.110663,0.062235,0.562388
furniture_item,1,0.713647,0.393802,0.551816
furniture_item,2,0.976247,0.575636,0.589642
furniture_item,3,1.388071,0.984828,0.709494
furniture_item,4,2.008253,1.471328,0.732641
furniture_item,5,2.670717,1.909697,0.715050
furniture_item,6,3.541107,2.581741,0.729078
furniture_item,7,4.350438,3.126372,0.718634
furniture_item,8,5.458278,4.027086,0.737794
furniture_item,9,6.177224,4.346839,0.703688
furniture_item,10,7.062275,5.033650,0.712752
furniture_item,11,7.761568,5.664764,0.729848
furniture_item,12,8.488882,6.121997,0.721178
furniture_item,13,8.943575,6.449700,0.721155
furniture_item,14,9.576149,6.900745,0.720618
furniture_item,15,10.283644,7.489957,0.728337
furniture_item,16,11.288444,8.390793,0.743308
furniture_item,17,17.456521,8.980498,0.514449
furniture_item,18,18.333304,9.650945,0.526416
furniture_item,19,20.298822,12.088093,0.595507
furniture_item,20,26.076349,18.254348,0.700035
furniture_item,21,27.347308,18.975431,0.693868
furniture_item,22,28.867186,20.226423,0.700672
furniture_item,23,34.098638,25.156294,0.737751
furniture_item,24,40.290299,29.475352,0.731574
furniture_item,25,44.333405,32.198633,0.726284
furniture_item,26,47.447069,34.369989,0.724386
furniture_item,27,50.351102,35.759282,0.710199
furniture_item,28,56.343018,40.508577,0.718964
furniture_item,29,62.836838,44.714072,0.711590
furniture_item,30,70.281071,48.656367,0.692311
furniture_item,31,82.635047,56.847440,0.687934
furniture_item,32,90.015754,61.395013,0.682047
furniture_item,33,98.552285,67.929764,0.689276
furniture_item,34,103.702341,71.261398,0.687173
furniture_item,35,130.886773,102.465223,0.782854
furniture_item,36,23.890431,21.581096,0.903336
gemstone,0,0.117010,0.067791,0.579364
gemstone,1,0.665292,0.346679,0.521093
gemstone,2,1.048320,0.529642,0.505229
gemstone,3,1.496083,0.928954,0.620924
gemstone,4,2.205287,1.434026,0.650267
gemstone,5,3.022851,1.871202,0.619019
gemstone,6,3.911332,2.425729,0.620180
gemstone,7,4.713249,3.040434,0.645082
gemstone,8,5.806537,3.829919,0.659588
gemstone,9,6.611690,4.299824,0.650337
gemstone,10,7.531006,5.002932,0.664311
gemstone,11,8.160640,5.355300,0.656235
gemstone,12,8.782986,5.682145,0.646949
gemstone,13,9.397807,6.174147,0.656977
gemstone,14,10.111489,6.648621,0.657531
gemstone,15,11.017590,7.385984,0.670381
gemstone,16,11.860475,8.203134,0.691636
gemstone,17,21.297830,8.481564,0.398236
gemstone,18,22.198417,9.193193,0.414137
gemstone,19,23.902943,11.579341,0.484432
gemstone,20,29.000957,17.790234,0.613436
gemstone,21,29.860919,18.305687,0.613032
gemstone,22,31.566097,19.508353,0.618016
gemstone,23,36.300892,23.768100,0.654753
gemstone,24,40.574052,26.993536,0.665291
gemstone,25,44.524047,29.162487,0.654983
gemstone,26,47.868069,31.217099,0.652149
gemstone,27,51.314826,32.185506,0.627217
gemstone,28,57.052512,36.050710,0.631886
gemstone,29,63.651016,39.554457,0.621427
gemstone,30,71.126724,41.899816,0.589087
gemstone,31,83.604739,48.382000,0.578699
gemstone,32,93.663627,52.874810,0.564518
gemstone,33,101.598142,59.275557,0.583432
gemstone,34,106.138733,61.171469,0.576335
gemstone,35,123.178956,79.649674,0.646618
gemstone,36,22.870213,18.466075,0.807429
geological_formation,0,0.128772,0.044407,0.344849
geological_formation,1,0.791579,0.356937,0.450918
geological_formation,2,1.268789,0.735492,0.579681
geological_formation,3,1.857524,1.295363,0.697360
geological_formation,4,2.657099,1.935065,0.728262
geological_formation,5,3.465015,2.398914,0.692324
geological_formation,6,4.514458,3.165079,0.701098
geological_formation,7,5.528144,3.774121,0.682710
geological_formation,8,7.065997,5.239711,0.741539
geological_formation,9,8.287317,5.967677,0.720098
geological_formation,10,9.784562,6.762904,0.691181
geological_formation,11,10.443748,7.221510,0.691467
geological_formation,12,11.274165,7.650178,0.678558
geological_formation,13,11.932637,8.059069,0.675380
geological_formation,14,12.672988,8.901737,0.702418
geological_formation,15,13.532755,9.727058,0.718779
geological_formation,16,14.533104,10.859372,0.747216
geological_formation,17,16.014885,11.769509,0.734911
geological_formation,18,17.258236,12.719518,0.737011
geological_formation,19,20.188792,15.558588,0.770655
geological_formation,20,25.737704,20.900859,0.812072
geological_formation,21,26.994897,21.543052,0.798042
geological_formation,22,29.536364,23.783620,0.805232
geological_formation,23,34.894634,28.347461,0.812373
geological_formation,24,42.409330,33.383954,0.787184
geological_formation,25,49.011823,35.940607,0.733305
geological_formation,26,54.126642,38.747684,0.715871
geological_formation,27,59.345606,40.853368,0.688398
geological_formation,28,66.769143,43.705817,0.654581
geological_formation,29,74.972617,47.792960,0.637472
geological_formation,30,88.297810,49.040383,0.555397
geological_formation,31,101.994732,51.075451,0.500766
geological_formation,32,111.984243,52.194773,0.466090
geological_formation,33,121.173915,55.772308,0.460267
geological_formation,34,131.820535,61.742207,0.468381
geological_formation,35,152.710714,80.646603,0.528100
geological_formation,36,29.688796,23.120510,0.778762
geometric_shape,0,0.155217,0.091423,0.589002
geometric_shape,1,0.801221,0.426106,0.531821
geometric_shape,2,1.153570,0.620737,0.538101
geometric_shape,3,1.651726,1.057315,0.640127
geometric_shape,4,2.403682,1.655558,0.688759
geometric_shape,5,3.257945,2.019562,0.619888
geometric_shape,6,4.110028,2.524486,0.614226
geometric_shape,7,4.607677,2.652906,0.575758
geometric_shape,8,5.634703,3.559310,0.631677
geometric_shape,9,6.645406,4.091274,0.615655
geometric_shape,10,7.418949,4.521513,0.609455
geometric_shape,11,7.872213,4.877224,0.619549
geometric_shape,12,8.639573,5.329662,0.616890
geometric_shape,13,9.224743,5.741391,0.622390
geometric_shape,14,9.861492,6.133551,0.621970
geometric_shape,15,10.903283,7.051638,0.646744
geometric_shape,16,11.705398,7.833138,0.669190
geometric_shape,17,24.630107,9.684836,0.393211
geometric_shape,18,25.627127,10.668857,0.416311
geometric_shape,19,26.851792,12.493511,0.465277
geometric_shape,20,29.175507,14.341237,0.491551
geometric_shape,21,29.967374,14.168480,0.472797
geometric_shape,22,31.082170,15.855028,0.510100
geometric_shape,23,33.724290,18.504481,0.548699
geometric_shape,24,37.402310,21.820656,0.583404
geometric_shape,25,41.697548,23.716388,0.568772
geometric_shape,26,45.213735,24.553836,0.543061
geometric_shape,27,48.850098,25.643296,0.524938
geometric_shape,28,53.401918,25.412867,0.475879
geometric_shape,29,60.045379,29.050490,0.483809
geometric_shape,30,66.860205,29.298174,0.438200
geometric_shape,31,76.786721,32.674845,0.425527
geometric_shape,32,86.203910,35.979242,0.417374
geometric_shape,33,95.108296,44.040358,0.463055
geometric_shape,34,104.133250,49.956043,0.479732
geometric_shape,35,130.070966,78.549639,0.603898
geometric_shape,36,24.745631,20.491378,0.828081
herbaceous_plant,0,0.116021,0.035607,0.306903
herbaceous_plant,1,0.820717,0.237434,0.289301
herbaceous_plant,2,1.126848,0.319832,0.283829
herbaceous_plant,3,1.501639,0.675700,0.449975
herbaceous_plant,4,2.151744,1.083300,0.503452
herbaceous_plant,5,2.875473,1.450565,0.504461
herbaceous_plant,6,3.697391,1.945793,0.526261
herbaceous_plant,7,4.516596,2.415329,0.534768
herbaceous_plant,8,5.610635,3.337246,0.594807
herbaceous_plant,9,6.683482,3.932057,0.588325
herbaceous_plant,10,7.678200,4.419241,0.575557
herbaceous_plant,11,8.415818,4.856115,0.577022
herbaceous_plant,12,9.111563,5.168469,0.567243
herbaceous_plant,13,9.609598,5.444595,0.566579
herbaceous_plant,14,10.239352,5.901169,0.576323
herbaceous_plant,15,10.833429,6.442444,0.594682
herbaceous_plant,16,11.529093,7.229434,0.627060
herbaceous_plant,17,12.564790,8.118238,0.646110
herbaceous_plant,18,13.685763,8.983546,0.656415
herbaceous_plant,19,15.349652,10.453274,0.681010
herbaceous_plant,20,19.038243,13.976457,0.734125
herbaceous_plant,21,20.276700,14.575480,0.718829
herbaceous_plant,22,22.313384,16.067429,0.720080
herbaceous_plant,23,26.490089,19.322299,0.729416
herbaceous_plant,24,32.579489,22.546521,0.692046
herbaceous_plant,25,39.309774,24.153437,0.614438
herbaceous_plant,26,43.897159,26.067658,0.593835
herbaceous_plant,27,48.694235,27.822492,0.571371
herbaceous_plant,28,55.393907,30.378031,0.548400
herbaceous_plant,29,63.256285,33.155540,0.524146
herbaceous_plant,30,73.400895,35.132038,0.478632
herbaceous_plant,31,86.876129,39.171069,0.450884
herbaceous_plant,32,95.611766,38.712051,0.404888
herbaceous_plant,33,103.294810,41.242020,0.399265
herbaceous_plant,34,112.018285,40.395046,0.360611
herbaceous_plant,35,128.399159,56.819311,0.442521
herbaceous_plant,36,19.896171,7.884165,0.396265
insect_name,0,0.176536,0.113452,0.642659
insect_name,1,0.943804,0.558706,0.591973
insect_name,2,1.338473,0.696592,0.520438
insect_name,3,1.797734,1.006665,0.559963
insect_name,4,2.675823,1.637249,0.611867
insect_name,5,3.502240,2.214500,0.632310
insect_name,6,4.607545,3.021337,0.655737
insect_name,7,5.788610,3.904843,0.674574
insect_name,8,7.091385,4.723930,0.666151
insect_name,9,8.177776,5.373921,0.657137
insect_name,10,9.404036,6.288331,0.668684
insect_name,11,10.293908,7.004876,0.680488
insect_name,12,11.423004,7.629485,0.667905
insect_name,13,12.025524,8.051800,0.669559
insect_name,14,12.861304,8.498874,0.660810
insect_name,15,13.550441,8.966116,0.661684
insect_name,16,14.602271,9.789002,0.670375
insect_name,17,51.616069,13.135012,0.254475
insect_name,18,52.938459,15.713837,0.296832
insect_name,19,54.297790,16.109356,0.296685
insect_name,20,53.705852,13.490337,0.251189
insect_name,21,54.729703,14.244368,0.260268
insect_name,22,55.768580,16.465887,0.295254
insect_name,23,56.258802,18.662107,0.331719
insect_name,24,61.135093,22.698727,0.371288
insect_name,25,66.644234,26.662126,0.400067
insect_name,26,69.505158,29.635771,0.426382
insect_name,27,73.348225,32.887545,0.448375
insect_name,28,76.651885,33.002364,0.430549
insect_name,29,84.563162,36.823892,0.435460
insect_name,30,91.503748,37.499086,0.409809
insect_name,31,102.613685,43.004447,0.419091
insect_name,32,111.888801,46.976310,0.419848
insect_name,33,122.572404,53.678533,0.437933
insect_name,34,132.363928,57.412552,0.433748
insect_name,35,157.427759,93.627470,0.594733
insect_name,36,29.835906,20.527401,0.688010
legal_term,0,0.156641,0.054623,0.348718
legal_term,1,0.994808,0.331555,0.333285
legal_term,2,1.347123,0.604311,0.448594
legal_term,3,1.760630,0.991159,0.562957
legal_term,4,2.471065,1.487772,0.602077
legal_term,5,3.285385,1.941160,0.590847
legal_term,6,4.211200,2.625773,0.623521
legal_term,7,5.119943,3.258753,0.636482
legal_term,8,6.242390,4.158538,0.666177
legal_term,9,7.197002,4.743248,0.659059
legal_term,10,8.102083,5.620344,0.693691
legal_term,11,8.586101,5.822675,0.678151
legal_term,12,9.242773,6.248469,0.676038
legal_term,13,9.782090,6.615001,0.676236
legal_term,14,10.404313,7.080050,0.680492
legal_term,15,11.056412,7.639482,0.690955
legal_term,16,11.916398,8.521677,0.715122
legal_term,17,13.250181,9.818878,0.741037
legal_term,18,14.532873,10.576655,0.727775
legal_term,19,16.603293,12.389412,0.746202
legal_term,20,21.129496,16.488976,0.780377
legal_term,21,22.908624,17.468860,0.762545
legal_term,22,25.181122,19.330443,0.767656
legal_term,23,29.471090,22.615871,0.767392
legal_term,24,35.071822,26.260466,0.748763
legal_term,25,40.871851,29.357747,0.718288
legal_term,26,43.951617,30.592823,0.696057
legal_term,27,47.999883,31.935179,0.665318
legal_term,28,53.594783,34.870102,0.650625
legal_term,29,61.683197,39.189338,0.635332
legal_term,30,68.241664,41.301126,0.605219
legal_term,31,81.514383,47.534630,0.583144
legal_term,32,90.713635,50.688635,0.558776
legal_term,33,98.272387,54.243309,0.551969
legal_term,34,107.114973,56.894365,0.531152
legal_term,35,125.991565,64.363582,0.510856
legal_term,36,20.823496,9.551030,0.458666
marine_creature,0,0.146346,0.038849,0.265462
marine_creature,1,0.758789,0.267132,0.352051
marine_creature,2,1.148709,0.452111,0.393582
marine_creature,3,1.541323,0.729360,0.473204
marine_creature,4,2.229760,1.290038,0.578555
marine_creature,5,2.958479,1.715944,0.580009
marine_creature,6,3.789938,2.326762,0.613931
marine_creature,7,4.641831,2.804291,0.604135
marine_creature,8,6.053026,4.087672,0.675311
marine_creature,9,7.028124,4.586465,0.652587
marine_creature,10,8.244277,5.271737,0.639442
marine_creature,11,8.962206,5.751636,0.641766
marine_creature,12,9.997409,6.236245,0.623786
marine_creature,13,10.664332,6.603695,0.619232
marine_creature,14,11.514637,7.295260,0.633564
marine_creature,15,12.197355,7.762704,0.636425
marine_creature,16,12.985435,8.571492,0.660085
marine_creature,17,14.240356,9.641143,0.677030
marine_creature,18,15.876797,10.730745,0.675876
marine_creature,19,18.280002,12.783477,0.699315
marine_creature,20,22.320443,16.275235,0.729163
marine_creature,21,24.142090,17.335805,0.718074
marine_creature,22,27.160938,19.965868,0.735095
marine_creature,23,33.216799,24.950873,0.751152
marine_creature,24,40.458716,30.063796,0.743073
marine_creature,25,47.633651,33.674132,0.706940
marine_creature,26,53.706806,37.626972,0.700600
marine_creature,27,59.729447,40.817830,0.683379
marine_creature,28,68.614344,46.740178,0.681201
marine_creature,29,75.781322,50.715401,0.669234
marine_creature,30,85.956208,54.265423,0.631315
marine_creature,31,100.186362,60.261576,0.601495
marine_creature,32,108.884049,63.704524,0.585068
marine_creature,33,116.424883,68.205539,0.585833
marine_creature,34,128.437162,78.559951,0.611661
marine_creature,35,169.162322,125.423137,0.741437
marine_creature,36,30.552973,23.917738,0.782829
mathematical_term,0,0.182427,0.088603,0.485691
mathematical_term,1,0.995335,0.362673,0.364373
mathematical_term,2,1.418477,0.526764,0.371359
mathematical_term,3,1.884331,0.809136,0.429402
mathematical_term,4,2.617755,1.198920,0.457996
mathematical_term,5,3.510136,1.614972,0.460088
mathematical_term,6,4.524534,2.255855,0.498583
mathematical_term,7,5.699964,2.920387,0.512352
mathematical_term,8,6.991786,3.507085,0.501601
mathematical_term,9,8.611627,4.469329,0.518988
mathematical_term,10,9.888388,5.392577,0.545344
mathematical_term,11,10.937951,6.175608,0.564604
mathematical_term,12,11.926262,6.579414,0.551674
mathematical_term,13,12.603604,6.854072,0.543818
mathematical_term,14,13.803781,7.559853,0.547665
mathematical_term,15,14.372913,8.202259,0.570675
mathematical_term,16,15.582397,9.247311,0.593446
mathematical_term,17,17.187402,10.789105,0.627733
mathematical_term,18,19.199724,12.119248,0.631220
mathematical_term,19,22.289421,14.773541,0.662805
mathematical_term,20,28.622734,20.408604,0.713021
mathematical_term,21,31.273135,21.828021,0.697980
mathematical_term,22,34.663545,23.610392,0.681130
mathematical_term,23,40.907282,28.505435,0.696830
mathematical_term,24,49.561061,33.832589,0.682645
mathematical_term,25,58.231221,38.529923,0.661671
mathematical_term,26,62.739928,40.324850,0.642730
mathematical_term,27,68.393832,42.501759,0.621427
mathematical_term,28,77.167167,46.861136,0.607268
mathematical_term,29,86.804368,51.829153,0.597080
mathematical_term,30,96.494170,55.092058,0.570937
mathematical_term,31,112.622108,65.711033,0.583465
mathematical_term,32,122.690923,71.228506,0.580552
mathematical_term,33,132.947897,76.672368,0.576710
mathematical_term,34,139.633006,73.963882,0.529702
mathematical_term,35,161.475086,67.344983,0.417061
mathematical_term,36,27.023745,13.460434,0.498097
medical_condition,0,0.121577,0.069251,0.569601
medical_condition,1,0.726703,0.382131,0.525842
medical_condition,2,1.039719,0.543888,0.523110
medical_condition,3,1.428695,0.811215,0.567802
medical_condition,4,2.151612,1.279804,0.594812
medical_condition,5,2.867859,1.629469,0.568183
medical_condition,6,3.692841,2.255927,0.610892
medical_condition,7,4.435681,2.730911,0.615669
medical_condition,8,5.483754,3.375959,0.615629
medical_condition,9,6.560366,3.991486,0.608424
medical_condition,10,7.532729,4.560885,0.605476
medical_condition,11,8.142694,4.916333,0.603772
medical_condition,12,8.832834,5.081440,0.575290
medical_condition,13,9.293946,5.372807,0.578097
medical_condition,14,10.068358,5.638631,0.560035
medical_condition,15,10.571174,6.036606,0.571044
medical_condition,16,11.280107,6.792239,0.602143
medical_condition,17,12.071398,7.285244,0.603513
medical_condition,18,13.426550,8.131809,0.605651
medical_condition,19,15.695007,10.006888,0.637584
medical_condition,20,19.518430,12.958069,0.663889
medical_condition,21,21.012320,13.787469,0.656161
medical_condition,22,23.337589,14.954963,0.640810
medical_condition,23,27.112720,16.896877,0.623208
medical_condition,24,32.548367,19.539592,0.600325
medical_condition,25,38.061959,21.376183,0.561615
medical_condition,26,42.627297,22.883084,0.536818
medical_condition,27,47.313938,24.387757,0.515446
medical_condition,28,53.670333,26.796751,0.499284
medical_condition,29,61.389542,29.853869,0.486302
medical_condition,30,68.074275,31.963191,0.469534
medical_condition,31,79.184152,35.671337,0.450486
medical_condition,32,87.324644,39.493907,0.452265
medical_condition,33,95.067174,44.244743,0.465405
medical_condition,34,100.423638,41.616143,0.414406
medical_condition,35,115.799311,43.754509,0.377848
medical_condition,36,21.603655,13.920218,0.644345
military_rank,0,0.144765,0.069700,0.481471
military_rank,1,1.123792,0.586551,0.521939
military_rank,2,1.521676,0.760807,0.499980
military_rank,3,1.963238,1.158556,0.590125
military_rank,4,2.867257,1.764094,0.615255
military_rank,5,3.912540,2.333931,0.596526
military_rank,6,5.021763,3.160530,0.629367
military_rank,7,5.800989,3.660672,0.631043
military_rank,8,6.846994,4.534413,0.662249
military_rank,9,7.789944,5.056630,0.649123
military_rank,10,8.980496,5.831297,0.649329
military_rank,11,9.803185,6.515139,0.664594
military_rank,12,10.523970,6.805657,0.646682
military_rank,13,11.190236,7.244001,0.647350
military_rank,14,12.111096,7.985947,0.659391
military_rank,15,12.877102,8.686961,0.674605
military_rank,16,13.946017,9.817124,0.703937
military_rank,17,15.487557,11.057646,0.713970
military_rank,18,16.563042,11.664341,0.704239
military_rank,19,18.451204,13.358731,0.724003
military_rank,20,23.415350,18.196896,0.777135
military_rank,21,24.603796,18.787145,0.763587
military_rank,22,26.519634,20.387450,0.768768
military_rank,23,32.288580,25.150170,0.778918
military_rank,24,38.355322,29.280473,0.763401
military_rank,25,44.384881,32.356242,0.728992
military_rank,26,48.923693,35.048699,0.716395
military_rank,27,53.613338,36.976309,0.689685
military_rank,28,60.724667,40.914784,0.673775
military_rank,29,68.647549,44.587803,0.649518
military_rank,30,77.762954,47.910145,0.616105
military_rank,31,92.303069,55.254272,0.598618
military_rank,32,102.552572,59.567866,0.580852
military_rank,33,112.871433,67.072274,0.594236
military_rank,34,123.690436,75.842780,0.613166
military_rank,35,161.223648,115.638274,0.717254
military_rank,36,30.390561,23.698037,0.779783
movement_verb,0,0.167108,0.028831,0.172531
movement_verb,1,0.987881,0.175388,0.177540
movement_verb,2,1.519743,0.525727,0.345932
movement_verb,3,2.087728,0.841722,0.403176
movement_verb,4,2.880962,1.262946,0.438376
movement_verb,5,3.662490,1.426460,0.389478
movement_verb,6,4.790919,1.959944,0.409096
movement_verb,7,5.901698,2.087817,0.353765
movement_verb,8,7.349682,2.611689,0.355347
movement_verb,9,8.619383,3.046934,0.353498
movement_verb,10,9.738384,3.440057,0.353247
movement_verb,11,10.838736,3.706033,0.341925
movement_verb,12,11.988790,4.089268,0.341091
movement_verb,13,12.737486,4.365572,0.342734
movement_verb,14,13.777224,4.500400,0.326655
movement_verb,15,14.603385,5.273783,0.361134
movement_verb,16,15.533924,6.151409,0.395998
movement_verb,17,16.512152,6.424665,0.389087
movement_verb,18,17.744383,6.573048,0.370430
movement_verb,19,20.959589,9.263437,0.441967
movement_verb,20,26.242880,13.046292,0.497136
movement_verb,21,28.742989,14.227668,0.494996
movement_verb,22,32.334707,16.349979,0.505648
movement_verb,23,37.218454,17.862866,0.479946
movement_verb,24,45.277758,19.624836,0.433432
movement_verb,25,51.354210,20.812604,0.405276
movement_verb,26,55.642921,19.999923,0.359433
movement_verb,27,60.713453,20.397164,0.335958
movement_verb,28,67.111775,20.588094,0.306773
movement_verb,29,77.959228,25.369317,0.325418
movement_verb,30,85.831290,27.659320,0.322252
movement_verb,31,100.671196,33.169883,0.329487
movement_verb,32,113.319424,38.024853,0.335555
movement_verb,33,126.815066,45.946506,0.362311
movement_verb,34,138.218709,48.582740,0.351492
movement_verb,35,158.492730,64.336559,0.405928
movement_verb,36,27.878167,16.477844,0.591066
musical_instrument,0,0.167394,0.075351,0.450142
musical_instrument,1,0.850558,0.333051,0.391568
musical_instrument,2,1.444538,0.716612,0.496084
musical_instrument,3,2.209702,1.378661,0.623913
musical_instrument,4,3.189090,2.134941,0.669452
musical_instrument,5,4.304290,2.854090,0.663080
musical_instrument,6,5.195507,3.543896,0.682108
musical_instrument,7,5.981568,4.164411,0.696207
musical_instrument,8,7.742960,5.807900,0.750088
musical_instrument,9,8.873046,6.489250,0.731344
musical_instrument,10,10.138580,7.476903,0.737470
musical_instrument,11,11.014549,8.084097,0.733947
musical_instrument,12,11.986729,8.727778,0.728120
musical_instrument,13,12.864008,9.348240,0.726697
musical_instrument,14,14.114256,10.476878,0.742290
musical_instrument,15,15.050073,11.244464,0.747137
musical_instrument,16,16.358509,12.547733,0.767046
musical_instrument,17,18.435532,13.741164,0.745363
musical_instrument,18,20.034503,14.892175,0.743326
musical_instrument,19,23.210443,17.438997,0.751343
musical_instrument,20,29.983306,22.931603,0.764812
musical_instrument,21,31.413732,23.481923,0.747505
musical_instrument,22,35.114461,26.823179,0.763878
musical_instrument,23,43.306638,33.525784,0.774149
musical_instrument,24,52.019034,40.044623,0.769807
musical_instrument,25,58.060701,44.202333,0.761312
musical_instrument,26,63.911461,49.354964,0.772240
musical_instrument,27,68.400316,52.076079,0.761343
musical_instrument,28,77.534217,59.105502,0.762315
musical_instrument,29,84.874431,63.290248,0.745693
musical_instrument,30,93.348372,66.954480,0.717254
musical_instrument,31,106.619954,75.816967,0.711095
musical_instrument,32,115.162543,79.978878,0.694487
musical_instrument,33,126.380274,87.709394,0.694012
musical_instrument,34,144.015765,101.861651,0.707295
musical_instrument,35,196.863124,155.058246,0.787645
musical_instrument,36,46.221244,38.548927,0.834009
mythological_figure,0,0.172528,0.084469,0.489598
mythological_figure,1,0.792982,0.392341,0.494767
mythological_figure,2,1.135052,0.654347,0.576490
mythological_figure,3,1.647053,1.140345,0.692355
mythological_figure,4,2.541860,1.898310,0.746819
mythological_figure,5,3.420078,2.466031,0.721045
mythological_figure,6,4.450581,3.271007,0.734962
mythological_figure,7,5.504751,4.027392,0.731621
mythological_figure,8,7.055381,5.464492,0.774514
mythological_figure,9,8.021656,6.068983,0.756575
mythological_figure,10,9.285897,7.015092,0.755457
mythological_figure,11,9.746368,7.187998,0.737505
mythological_figure,12,10.480806,7.725772,0.737135
mythological_figure,13,11.233947,8.396181,0.747394
mythological_figure,14,12.162170,9.263820,0.761691
mythological_figure,15,12.781051,9.846614,0.770407
mythological_figure,16,13.834168,10.938515,0.790688
mythological_figure,17,15.251720,12.088622,0.792607
mythological_figure,18,16.517696,13.116922,0.794113
mythological_figure,19,19.012787,15.527359,0.816680
mythological_figure,20,23.770310,20.202075,0.849887
mythological_figure,21,25.372757,21.307373,0.839774
mythological_figure,22,28.254659,23.941581,0.847350
mythological_figure,23,34.150966,29.351570,0.859465
mythological_figure,24,41.807929,34.818416,0.832818
mythological_figure,25,48.501981,38.479634,0.793362
mythological_figure,26,53.731359,42.282580,0.786926
mythological_figure,27,59.421134,44.517916,0.749193
mythological_figure,28,66.327430,49.237945,0.742347
mythological_figure,29,73.007224,52.400043,0.717738
mythological_figure,30,80.150492,52.771001,0.658399
mythological_figure,31,91.863348,53.837662,0.586062
mythological_figure,32,99.611983,54.898822,0.551127
mythological_figure,33,107.700626,59.085942,0.548613
mythological_figure,34,118.800974,67.688404,0.569763
mythological_figure,35,147.184902,96.721527,0.657143
mythological_figure,36,28.577949,24.826901,0.868743
nautical_term,0,0.123758,0.058990,0.476655
nautical_term,1,0.770261,0.379936,0.493257
nautical_term,2,1.087665,0.600348,0.551960
nautical_term,3,1.492172,0.959945,0.643320
nautical_term,4,2.133114,1.446101,0.677930
nautical_term,5,2.784431,1.824945,0.655410
nautical_term,6,3.627751,2.472463,0.681541
nautical_term,7,4.365916,2.891939,0.662390
nautical_term,8,5.379364,3.578861,0.665294
nautical_term,9,6.362637,4.113110,0.646447
nautical_term,10,7.150074,4.540750,0.635063
nautical_term,11,7.819174,4.960925,0.634456
nautical_term,12,8.610554,5.343842,0.620615
nautical_term,13,9.204849,5.867647,0.637452
nautical_term,14,9.885115,6.348474,0.642226
nautical_term,15,10.699874,7.044446,0.658367
nautical_term,16,11.719393,8.036244,0.685722
nautical_term,17,12.768079,8.983785,0.703613
nautical_term,18,13.688868,9.369259,0.684444
nautical_term,19,16.128174,11.410319,0.707477
nautical_term,20,21.245681,15.983028,0.752295
nautical_term,21,22.329001,16.278441,0.729027
nautical_term,22,24.269053,17.526054,0.722156
nautical_term,23,28.949440,21.034613,0.726598
nautical_term,24,34.309666,23.920598,0.697197
nautical_term,25,38.780097,25.720120,0.663230
nautical_term,26,42.486329,27.405934,0.645053
nautical_term,27,46.364796,28.654609,0.618025
nautical_term,28,51.145109,31.135040,0.608759
nautical_term,29,58.638332,34.795475,0.593391
nautical_term,30,65.995366,37.881891,0.574008
nautical_term,31,77.358457,43.090357,0.557022
nautical_term,32,85.258761,46.483157,0.545201
nautical_term,33,95.036966,52.663310,0.554135
nautical_term,34,103.945711,57.097342,0.549300
nautical_term,35,125.021100,77.088825,0.616607
nautical_term,36,24.640801,20.092397,0.815412
precious_metal,0,0.160072,0.106400,0.664703
precious_metal,1,0.873864,0.500223,0.572426
precious_metal,2,1.255907,0.646250,0.514568
precious_metal,3,1.693469,0.928803,0.548462
precious_metal,4,2.410224,1.416507,0.587708
precious_metal,5,3.303458,1.629988,0.493419
precious_metal,6,4.194443,2.100760,0.500843
precious_metal,7,4.960362,2.326142,0.468946
precious_metal,8,5.904514,2.627081,0.444928
precious_metal,9,7.064364,3.131614,0.443297
precious_metal,10,8.276562,3.371837,0.407396
precious_metal,11,9.108759,3.656406,0.401417
precious_metal,12,10.093654,3.883392,0.384736
precious_metal,13,10.670576,3.986742,0.373620
precious_metal,14,11.436292,4.128541,0.361003
precious_metal,15,12.350785,4.943230,0.400236
precious_metal,16,13.088758,5.402109,0.412729
precious_metal,17,23.170478,5.073925,0.218982
precious_metal,18,23.814397,4.954874,0.208062
precious_metal,19,25.985170,7.505589,0.288841
precious_metal,20,28.857273,13.351425,0.462671
precious_metal,21,29.638283,13.584375,0.458339
precious_metal,22,31.901876,14.260666,0.447017
precious_metal,23,35.258862,17.110856,0.485292
precious_metal,24,40.519554,18.703765,0.461598
precious_metal,25,47.111603,20.227218,0.429347
precious_metal,26,51.430605,20.255505,0.393841
precious_metal,27,57.011386,20.746173,0.363895
precious_metal,28,64.898048,24.473731,0.377110
precious_metal,29,74.006962,28.552840,0.385813
precious_metal,30,85.699749,33.279401,0.388326
precious_metal,31,104.621242,42.056193,0.401985
precious_metal,32,116.806670,47.656517,0.407995
precious_metal,33,130.179768,57.575414,0.442276
precious_metal,34,140.251239,59.626719,0.425142
precious_metal,35,154.703087,74.974071,0.484632
precious_metal,36,28.149395,17.560116,0.623819
sports_equipment,0,0.133247,0.080865,0.606880
sports_equipment,1,0.739719,0.404923,0.547401
sports_equipment,2,1.145996,0.683502,0.596426
sports_equipment,3,1.680084,1.171123,0.697063
sports_equipment,4,2.530732,1.830248,0.723209
sports_equipment,5,3.403053,2.363552,0.694539
sports_equipment,6,4.438725,3.173328,0.714919
sports_equipment,7,5.163253,3.601684,0.697561
sports_equipment,8,6.350664,4.647369,0.731793
sports_equipment,9,7.331682,5.221818,0.712227
sports_equipment,10,8.657911,6.161352,0.711644
sports_equipment,11,9.482358,6.624843,0.698649
sports_equipment,12,10.110305,6.987076,0.691085
sports_equipment,13,10.539210,7.246457,0.687571
sports_equipment,14,11.374886,8.058228,0.708423
sports_equipment,15,12.236597,8.746094,0.714749
sports_equipment,16,13.190870,9.854322,0.747056
sports_equipment,17,14.514031,10.960167,0.755143
sports_equipment,18,15.588609,11.665084,0.748308
sports_equipment,19,18.135656,13.957532,0.769618
sports_equipment,20,23.317206,18.644193,0.799589
sports_equipment,21,24.546740,19.232424,0.783502
sports_equipment,22,26.919394,21.179103,0.786760
sports_equipment,23,31.952446,25.298585,0.791757
sports_equipment,24,37.967328,29.394426,0.774203
sports_equipment,25,43.435947,31.417355,0.723303
sports_equipment,26,47.130434,33.244558,0.705373
sports_equipment,27,52.021167,34.725734,0.667531
sports_equipment,28,57.934820,36.974560,0.638210
sports_equipment,29,65.831469,40.514858,0.615433
sports_equipment,30,72.687634,40.463393,0.556675
sports_equipment,31,83.658151,43.730482,0.522728
sports_equipment,32,92.963942,45.159989,0.485780
sports_equipment,33,101.293149,51.114959,0.504624
sports_equipment,34,109.514874,54.992557,0.502147
sports_equipment,35,133.178987,75.219853,0.564803
sports_equipment,36,27.422193,22.864169,0.833783
theatrical_term,0,0.278556,0.059034,0.211927
theatrical_term,1,1.091335,0.241001,0.220831
theatrical_term,2,1.567207,0.338928,0.216263
theatrical_term,3,2.169377,0.715695,0.329908
theatrical_term,4,3.078077,1.250998,0.406422
theatrical_term,5,4.216082,1.759845,0.417412
theatrical_term,6,5.310570,2.297708,0.432667
theatrical_term,7,6.334447,2.719150,0.429264
theatrical_term,8,8.062252,4.405001,0.546374
theatrical_term,9,9.320592,4.701522,0.504423
theatrical_term,10,10.533302,5.327972,0.505822
theatrical_term,11,11.954008,6.194549,0.518199
theatrical_term,12,13.095508,6.694977,0.511242
theatrical_term,13,13.852708,6.831838,0.493177
theatrical_term,14,14.997047,7.683064,0.512305
theatrical_term,15,16.022515,8.280354,0.516795
theatrical_term,16,16.983977,9.247050,0.544457
theatrical_term,17,18.737038,10.791313,0.575935
theatrical_term,18,20.599784,11.636929,0.564905
theatrical_term,19,23.267012,13.589899,0.584084
theatrical_term,20,28.476999,17.834982,0.626294
theatrical_term,21,30.635095,18.153822,0.592583
theatrical_term,22,33.942465,20.872303,0.614932
theatrical_term,23,40.858669,25.272485,0.618534
theatrical_term,24,50.414164,30.802918,0.610997
theatrical_term,25,57.600705,32.465105,0.563623
theatrical_term,26,63.080601,35.369490,0.560703
theatrical_term,27,69.870893,37.868103,0.541973
theatrical_term,28,78.297197,40.747643,0.520423
theatrical_term,29,86.729993,42.768871,0.493127
theatrical_term,30,94.186081,42.684967,0.453198
theatrical_term,31,110.274025,42.986755,0.389818
theatrical_term,32,119.991344,42.311315,0.352620
theatrical_term,33,133.164012,45.843127,0.344261
theatrical_term,34,152.133532,52.754670,0.346766
theatrical_term,35,185.332528,88.960758,0.480006
theatrical_term,36,37.880958,25.950160,0.685045
vehicle_type,0,0.158384,0.063237,0.399265
vehicle_type,1,0.907733,0.297844,0.328119
vehicle_type,2,1.490937,0.732086,0.491024
vehicle_type,3,2.180848,1.372399,0.629296
vehicle_type,4,3.231717,2.184458,0.675944
vehicle_type,5,4.190635,2.798213,0.667730
vehicle_type,6,5.183753,3.475686,0.670496
vehicle_type,7,5.999091,4.037810,0.673070
vehicle_type,8,8.066378,5.979334,0.741266
vehicle_type,9,9.211308,6.784632,0.736555
vehicle_type,10,10.483734,7.543493,0.719543
vehicle_type,11,11.050279,7.852978,0.710659
vehicle_type,12,12.104652,8.461505,0.699029
vehicle_type,13,12.951600,9.270460,0.715777
vehicle_type,14,14.489160,10.525037,0.726408
vehicle_type,15,15.387851,11.493573,0.746925
vehicle_type,16,16.733045,12.854140,0.768189
vehicle_type,17,19.139934,14.322732,0.748317
vehicle_type,18,20.464419,14.983376,0.732167
vehicle_type,19,23.291550,17.620304,0.756511
vehicle_type,20,29.657586,23.610561,0.796105
vehicle_type,21,31.072597,24.103201,0.775706
vehicle_type,22,35.232705,27.715210,0.786633
vehicle_type,23,43.661270,34.877730,0.798825
vehicle_type,24,52.426388,41.468705,0.790989
vehicle_type,25,58.401609,45.195082,0.773867
vehicle_type,26,64.902490,50.099185,0.771915
vehicle_type,27,69.041633,52.144172,0.755257
vehicle_type,28,78.650811,59.070312,0.751045
vehicle_type,29,86.850447,63.939745,0.736205
vehicle_type,30,94.427176,67.003788,0.709582
vehicle_type,31,107.911994,72.782392,0.674461
vehicle_type,32,116.352244,74.699439,0.642011
vehicle_type,33,127.125940,80.474109,0.633027
vehicle_type,34,144.749417,95.597278,0.660433
vehicle_type,35,197.924541,151.063389,0.763237
vehicle_type,36,38.041375,32.368450,0.850875
weather_phenomenon,0,0.105858,0.048373,0.456960
weather_phenomenon,1,0.632806,0.268198,0.423824
weather_phenomenon,2,1.016589,0.594078,0.584383
weather_phenomenon,3,1.514548,1.088808,0.718900
weather_phenomenon,4,2.222017,1.647894,0.741621
weather_phenomenon,5,2.924013,1.978245,0.676551
weather_phenomenon,6,3.826533,2.630204,0.687360
weather_phenomenon,7,4.605730,3.073531,0.667328
weather_phenomenon,8,5.785818,4.079267,0.705046
weather_phenomenon,9,6.746928,4.488632,0.665285
weather_phenomenon,10,7.974193,4.978422,0.624317
weather_phenomenon,11,8.684153,5.484736,0.631580
weather_phenomenon,12,9.671873,6.295758,0.650935
weather_phenomenon,13,10.236310,6.784454,0.662783
weather_phenomenon,14,10.880117,7.410730,0.681126
weather_phenomenon,15,11.837278,8.466447,0.715236
weather_phenomenon,16,12.879392,9.585775,0.744272
weather_phenomenon,17,14.208994,10.670062,0.750937
weather_phenomenon,18,15.086411,11.194194,0.742005
weather_phenomenon,19,17.727447,13.715252,0.773673
weather_phenomenon,20,22.872854,18.780265,0.821072
weather_phenomenon,21,24.010648,19.349417,0.805868
weather_phenomenon,22,26.281211,21.342622,0.812087
weather_phenomenon,23,31.376577,25.384184,0.809017
weather_phenomenon,24,38.365317,29.790211,0.776488
weather_phenomenon,25,44.967119,32.406563,0.720672
weather_phenomenon,26,49.494138,34.279970,0.692607
weather_phenomenon,27,53.678190,35.546292,0.662211
weather_phenomenon,28,60.735748,38.460366,0.633241
weather_phenomenon,29,70.234703,43.580498,0.620498
weather_phenomenon,30,82.400524,44.697011,0.542436
weather_phenomenon,31,93.873532,46.813920,0.498691
weather_phenomenon,32,103.457707,48.752063,0.471227
weather_phenomenon,33,110.472564,50.941346,0.461122
weather_phenomenon,34,117.804941,49.213214,0.417752
weather_phenomenon,35,133.135509,46.214707,0.347125
weather_phenomenon,36,20.499039,14.252924,0.695297
